CÓD DO PRODUTO,DESCRIÇÃO,CENTRAL,BASE,ENGRENAGEM,ESTATOR E SEM FIM,CAPACITOR,TAMPA,CILINDRO,CONTROLE,Unnamed: 10
2001258,CONJ. MOVIMENTADOR DZ BRABUS SPEED 300 B. ALUMINIUM 127V 50-60HZ,FX BRABUS,B. ALUM C/ ENCODER,NYLON 1 ENT COM IMÃ,P24 127V 2 POLOS 1 ENT (AÇO),40UF,PRETA C/ VENEZIANA,METAL,COM BORNE,
2001276,CONJ. MOVIMENTADOR DZ BRABUS SPEED 300 B. ALUMINIUM 127V 50-60HZ SEM CREMALHEIRA,FX BRABUS,B. ALUM C/ ENCODER,NYLON 1 ENT COM IMÃ,P24 127V 2 POLOS 1 ENT (AÇO),40UF,PRETA C/ VENEZIANA,METAL,COM BORNE,
2001261,CONJ. MOVIMENTADOR DZ BRABUS SPEED 300 B. ALUMINIUM 220V 50-60HZ,FX BRABUS,B. ALUM C/ ENCODER,NYLON 1 ENT COM IMÃ,P24 220V 2 POLOS 1 ENT (AÇO),20UF,PRETA C/ VENEZIANA,METAL,COM BORNE,
2001277,,FX BRABUS,B. ALUM C/ ENCODER,NYLON 1 ENT COM IMÃ,P24 220V 2 POLOS 1 ENT (AÇO),20UF,PRETA C/ VENEZIANA,METAL,COM BORNE,
2001259,CONJ. MOVIMENTADOR DZ BRABUS SPEED 500 B. ALUMINIUM 127V 50-60HZ,FX BRABUS,B. ALUM C/ ENCODER,NYLON 1 ENT COM IMÃ,P28 127V 2 POLOS 1 ENT (AÇO),40UF,PRETA C/ VENEZIANA,METAL,COM BORNE,
2001278,CONJ. MOVIMENTADOR DZ BRABUS SPEED 500 B. ALUMINIUM 127V 50-60HZ SEM CREMALH.,FX BRABUS,B. ALUM C/ ENCODER,NYLON 1 ENT COM IMÃ,P28 127V 2 POLOS 1 ENT (AÇO),40UF,PRETA C/ VENEZIANA,METAL,COM BORNE,
2001262,CONJ. MOVIMENTADOR DZ BRABUS SPEED 500 B. ALUMINIUM 220V 50-60HZ,FX BRABUS,B. ALUM C/ ENCODER,NYLON 1 ENT COM IMÃ,P28 220V 2 POLOS 1 ENT (AÇO),20UF,PRETA C/ VENEZIANA,METAL,COM BORNE,
2001279,CONJ. MOVIMENTADOR DZ BRABUS SPEED 500 B. ALUMINIUM 220V 50-60HZ SEM CREMALH.,FX BRABUS,B. ALUM C/ ENCODER,NYLON 1 ENT COM IMÃ,P28 220V 2 POLOS 1 ENT (AÇO),20UF,PRETA C/ VENEZIANA,METAL,COM BORNE,
2001260,CONJ. MOVIMENTADOR DZ BRABUS SPEED 700 B. ALUMINIUM 127V 50-60HZ,FX BRABUS,B. ALUM C/ ENCODER,NYLON 1 ENT COM IMÃ,P39 127V 2 POLOS 1 ENT (AÇO),40UF,PRETA C/ VENEZIANA,METAL,COM BORNE,
2001280,CONJ. MOVIMENTADOR DZ BRABUS SPEED 700 B. ALUMINIUM 127V 50-60HZ SEM CREMALH.,FX BRABUS,B. ALUM C/ ENCODER,NYLON 1 ENT COM IMÃ,P39 127V 2 POLOS 1 ENT (AÇO),40UF,PRETA C/ VENEZIANA,METAL,COM BORNE,
2001263,CONJ. MOVIMENTADOR DZ BRABUS SPEED 700 B. ALUMINIUM 220V 50-60HZ,FX BRABUS,B. ALUM C/ ENCODER,NYLON 1 ENT COM IMÃ,P39 220V 2 POLOS 1 ENT (AÇO),20UF,PRETA C/ VENEZIANA,METAL,COM BORNE,
2001281,CONJ. MOVIMENTADOR DZ BRABUS SPEED 700 B. ALUMINIUM 220V 50-60HZ SEM CREMALH.,FX BRABUS,B. ALUM C/ ENCODER,NYLON 1 ENT COM IMÃ,P39 220V 2 POLOS 1 ENT (AÇO),20UF,PRETA C/ VENEZIANA,METAL,COM BORNE,
2001001,CONJ. MOVIMENTADOR TRINO 300 127V 50-60HZ,FLEX,SEM ENCODER,NYLON 1 ENT SEM IMÃ,P17 127V 1 ENT,30UF,PRETA,PLÁSTICO,COM BORNE,
2001068,CONJ. MOVIMENTADOR TRINO 300 127V 50-60HZ - KRIPT,FLEX,SEM ENCODER,NYLON 1 ENT SEM IMÃ,P17 127V 1 ENT,30UF,PRETA,PLÁSTICO,COM BORNE,
2004047,CONJ. MOVIMENTADOR TRINO 300 127V 50-60HZ - KRIPT SEM CREMALHEIRA,FLEX,SEM ENCODER,NYLON 1 ENT SEM IMÃ,P17 127V 1 ENT,30UF,PRETA,PLÁSTICO,COM BORNE,
2001164,CONJ. MOVIMENTADOR TRINO 300 127V 50-60HZ COM B. ALUMINIUM,FLEX,SEM ENCODER,NYLON 1 ENT SEM IMÃ,P17 127V 1 ENT,30UF,PRETA,PLÁSTICO,COM BORNE,
2001032,CONJ. MOVIMENTADOR TRINO 300 127V 50-60HZ SEM CREMALHEIRA,FLEX,SEM ENCODER,NYLON 1 ENT SEM IMÃ,P17 127V 1 ENT,30UF,PRETA,PLÁSTICO,COM BORNE,
2001066,CONJ. MOVIMENTADOR TRINO 300 127V LIGHT 50-60HZ,LIGHT,SEM ENCODER,NYLON 1 ENT SEM IMÃ,P17 127V 1 ENT,30UF,PRETA,PLÁSTICO,COM BORNE,
2001190,CONJ. MOVIMENTADOR TRINO 300 127V LIGHT 50-60HZ COM B. ALUMINIUM,LIGHT,SEM ENCODER,NYLON 1 ENT SEM IMÃ,P17 127V 1 ENT,30UF,PRETA,PLÁSTICO,COM BORNE,
2001236,CONJ. MOVIMENTADOR TRINO 300 127V LIGHT 50-60HZ KRIPT,LIGHT,SEM ENCODER,NYLON 1 ENT SEM IMÃ,P17 127V 1 ENT,30UF,PRETA,PLÁSTICO,COM BORNE,
2001233,CONJ. MOVIMENTADOR TRINO 300 127V LIGHT 50-60HZ SEM CREMALHEIRA,LIGHT,SEM ENCODER,NYLON 1 ENT SEM IMÃ,P17 127V 1 ENT,25UF,PRETA,PLÁSTICO,COM BORNE,
2001002,CONJ. MOVIMENTADOR TRINO 300 220V 50-60HZ,FLEX,SEM ENCODER,NYLON 1 ENT SEM IMÃ,P17 220V 1 ENT,12UF,PRETA,PLÁSTICO,COM BORNE,
2001059,CONJ. MOVIMENTADOR TRINO 300 220V 50-60HZ - GKOLL,FLEX,SEM ENCODER,NYLON 1 ENT SEM IMÃ,P17 220V 1 ENT,12UF,PRETA,PLÁSTICO,COM BORNE,
2004014,CONJ. MOVIMENTADOR TRINO 300 220V 50-60HZ - KRIPT,FLEX,SEM ENCODER,NYLON 1 ENT SEM IMÃ,P17 220V 1 ENT,12UF,PRETA,PLÁSTICO,COM BORNE,
2004048,CONJ. MOVIMENTADOR TRINO 300 220V 50-60HZ - KRIPT SEM CREMALHEIRA,FLEX,SEM ENCODER,NYLON 1 ENT SEM IMÃ,P17 220V 1 ENT,12UF,PRETA,PLÁSTICO,COM BORNE,
2001244,CONJ. MOVIMENTADOR TRINO 300 220V 50-60HZ B. ALUM ENG. ZAMAC TAMPA BRANCA S/ CREMALHEIRA,FLEX,SEM ENCODER,ZAMAC 1 ENT SEM IMÃ,P17 220V 1 ENT,12UF,BRANCA,PLÁSTICO,COM BORNE,
2001245,CONJ. MOVIMENTADOR TRINO 300 220V 50-60HZ B. ALUM ENG. ZAMAC TAMPA PRETA S/ CREMALHEIRA,FLEX,SEM ENCODER,ZAMAC 1 ENT SEM IMÃ,P17 220V 1 ENT,12UF,PRETA,PLÁSTICO,COM BORNE,
2001165,CONJ. MOVIMENTADOR TRINO 300 220V 50-60HZ COM B. ALUMINIUM,FLEX,SEM ENCODER,NYLON 1 ENT SEM IMÃ,P17 220V 1 ENT,12UF,PRETA,PLÁSTICO,COM BORNE,
2001031,CONJ. MOVIMENTADOR TRINO 300 220V 50-60HZ SEM CREMALHEIRA,FLEX,SEM ENCODER,NYLON 1 ENT SEM IMÃ,P17 220V 1 ENT,12UF,PRETA,PLÁSTICO,COM BORNE,
2001178,CONJ. MOVIMENTADOR TRINO 300 220V 50-60HZ SEM CREMALHEIRA COM B. ALUMINIUM,FLEX,SEM ENCODER,NYLON 1 ENT SEM IMÃ,P17 220V 1 ENT,12UF,PRETA,PLÁSTICO,COM BORNE,
2001067,CONJ. MOVIMENTADOR TRINO 300 220V LIGHT 50-60HZ,LIGHT,SEM ENCODER,NYLON 1 ENT SEM IMÃ,P17 220V 1 ENT,12UF,PRETA,PLÁSTICO,COM BORNE,
2001191,CONJ. MOVIMENTADOR TRINO 300 220V LIGHT 50-60HZ COM B. ALUMINIUM,LIGHT,SEM ENCODER,NYLON 1 ENT SEM IMÃ,P17 220V 1 ENT,12UF,PRETA,PLÁSTICO,COM BORNE,
2001161,CONJ. MOVIMENTADOR TRINO 300 220V LIGHT 50-60HZ SEM CREMALHEIRA,LIGHT,SEM ENCODER,NYLON 1 ENT SEM IMÃ,P17 220V 1 ENT,12UF,PRETA,PLÁSTICO,COM BORNE,
2001247,CONJ. MOVIMENTADOR TRINO 300 220V LIGHT 50-60HZ SEM CREMALHEIRA - CONDOMINIAL 100,LIGHT,SEM ENCODER,NYLON 1 ENT SEM IMÃ,P17 220V 1 ENT,12UF,PRETA,PLÁSTICO,COM BORNE,
2001003,CONJ. MOVIMENTADOR TRINO 300 SPEED 127V 50-60HZ,FLEX,COM ENCODER,ZAMAC 2 ENT COM IMÃ,P33 127V 2 ENT,50UF,CINZA,METAL,COM BORNE,
2001166,CONJ. MOVIMENTADOR TRINO 300 SPEED 127V 50-60HZ COM B. ALUMINIUM,FLEX,B. ALUM C/ ENCODER,ZAMAC 2 ENT COM IMÃ,P33 127V 2 ENT,50UF,CINZA,METAL,COM BORNE,
2001234,CONJ. MOVIMENTADOR TRINO 300 SPEED 127V 50-60HZ KRIPT,FLEX,COM ENCODER,ZAMAC 2 ENT COM IMÃ,P33 127V 2 ENT,50UF,CINZA,METAL,COM BORNE,
2004049,CONJ. MOVIMENTADOR TRINO 300 SPEED 127V 50-60HZ KRIPT SEM CREMALHEIRA,FLEX,COM ENCODER,ZAMAC 2 ENT COM IMÃ,P33 127V 2 ENT,50UF,CINZA,METAL,COM BORNE,
2001033,CONJ. MOVIMENTADOR TRINO 300 SPEED 127V 50-60HZ SEM CREMALHEIRA,FLEX,COM ENCODER,ZAMAC 2 ENT COM IMÃ,P33 127V 2 ENT,50UF,CINZA,METAL,COM BORNE,
2001180,CONJ. MOVIMENTADOR TRINO 300 SPEED 127V 50-60HZ SEM CREMALHEIRA COM B. ALUMINIUM,FLEX,B. ALUM C/ ENCODER,ZAMAC 2 ENT COM IMÃ,P33 127V 2 ENT,50UF,CINZA,METAL,COM BORNE,
2001004,CONJ. MOVIMENTADOR TRINO 300 SPEED 220V 50-60HZ,FLEX,COM ENCODER,ZAMAC 2 ENT COM IMÃ,P33 220V 2 ENT,20UF,CINZA,METAL,COM BORNE,
2001167,CONJ. MOVIMENTADOR TRINO 300 SPEED 220V 50-60HZ COM B. ALUMINIUM,FLEX,B. ALUM C/ ENCODER,ZAMAC 2 ENT COM IMÃ,P33 220V 2 ENT,20UF,CINZA,METAL,COM BORNE,
2001235,CONJ. MOVIMENTADOR TRINO 300 SPEED 220V 50-60HZ KRIPT,FLEX,COM ENCODER,ZAMAC 2 ENT COM IMÃ,P33 220V 2 ENT,20UF,CINZA,METAL,COM BORNE,
2001034,CONJ. MOVIMENTADOR TRINO 300 SPEED 220V 50-60HZ SEM CREMALHEIRA,FLEX,COM ENCODER,ZAMAC 2 ENT COM IMÃ,P33 220V 2 ENT,20UF,CINZA,METAL,COM BORNE,
2001181,CONJ. MOVIMENTADOR TRINO 300 SPEED 220V 50-60HZ SEM CREMALHEIRA COM B. ALUMINIUM,FLEX,B. ALUM C/ ENCODER,ZAMAC 2 ENT COM IMÃ,P33 220V 2 ENT,20UF,CINZA,METAL,COM BORNE,
2001211,CONJ. MOVIMENTADOR TRINO 500 110V 50-60HZ GKOLL,FLEX,SEM ENCODER,NYLON 1 ENT SEM IMÃ,P28 127V 1 ENT,30UF,PRETA,METAL,COM BORNE,
2001005,CONJ. MOVIMENTADOR TRINO 500 127V 50-60HZ,FLEX,SEM ENCODER,NYLON 1 ENT SEM IMÃ,P28 127V 1 ENT,30UF,PRETA,METAL,COM BORNE,
2001252,CONJ. MOVIMENTADOR TRINO 500 127V 50-60HZ - CONDOMINIAL 100,FLEX,SEM ENCODER,NYLON 1 ENT SEM IMÃ,P28 127V 1 ENT,30UF,PRETA,METAL,COM BORNE,
2001246,CONJ. MOVIMENTADOR TRINO 500 127V 50-60HZ - CONDOMINIAL 200,FLEX,SEM ENCODER,NYLON 1 ENT SEM IMÃ,P28 127V 1 ENT,30UF,PRETA,METAL,COM BORNE,
2001168,CONJ. MOVIMENTADOR TRINO 500 127V 50-60HZ COM B. ALUMINIUM,FLEX,B. ALUM SEM ENCODER,NYLON 1 ENT SEM IMÃ,P28 127V 1 ENT,30UF,PRETA,METAL,COM BORNE,
2001158,CONJ. MOVIMENTADOR TRINO 500 127V 50-60HZ KRIPT,FLEX,SEM ENCODER,NYLON 1 ENT SEM IMÃ,P28 127V 1 ENT,30UF,PRETA,METAL,COM BORNE,
2004050,CONJ. MOVIMENTADOR TRINO 500 127V 50-60HZ KRIPT SEM CREMALHEIRA,FLEX,SEM ENCODER,NYLON 1 ENT SEM IMÃ,P28 127V 1 ENT,30UF,PRETA,METAL,COM BORNE,
2001035,CONJ. MOVIMENTADOR TRINO 500 127V 50-60HZ SEM CREMALHEIRA,FLEX,SEM ENCODER,NYLON 1 ENT SEM IMÃ,P28 127V 1 ENT,30UF,PRETA,METAL,COM BORNE,
2001182,CONJ. MOVIMENTADOR TRINO 500 127V 50-60HZ SEM CREMALHEIRA COM B. ALUMINIUM,FLEX,B. ALUM SEM ENCODER,NYLON 1 ENT SEM IMÃ,P28 127V 1 ENT,30UF,PRETA,METAL,COM BORNE,
2001006,CONJ. MOVIMENTADOR TRINO 500 220V 50-60HZ,FLEX,SEM ENCODER,NYLON 1 ENT SEM IMÃ,P28 220V 1 ENT,12UF,PRETA,METAL,COM BORNE,
2001169,CONJ. MOVIMENTADOR TRINO 500 220V 50-60HZ COM B. ALUMINIUM,FLEX,B. ALUM SEM ENCODER,NYLON 1 ENT SEM IMÃ,P28 220V 1 ENT,12UF,PRETA,METAL,COM BORNE,
2001138,CONJ. MOVIMENTADOR TRINO 500 220V 50-60HZ GKOLL,FLEX,SEM ENCODER,NYLON 1 ENT SEM IMÃ,P28 220V 1 ENT,12UF,PRETA,METAL,COM BORNE,
2004021,CONJ. MOVIMENTADOR TRINO 500 220V 50-60HZ KRIPT,FLEX,SEM ENCODER,NYLON 1 ENT SEM IMÃ,P28 220V 1 ENT,12UF,PRETA,METAL,COM BORNE,
2004051,CONJ. MOVIMENTADOR TRINO 500 220V 50-60HZ KRIPT SEM CREMALHEIRA,FLEX,SEM ENCODER,NYLON 1 ENT SEM IMÃ,P28 220V 1 ENT,12UF,PRETA,METAL,COM BORNE,
2001036,CONJ. MOVIMENTADOR TRINO 500 220V 50-60HZ SEM CREMALHEIRA,FLEX,SEM ENCODER,NYLON 1 ENT SEM IMÃ,P28 220V 1 ENT,12UF,PRETA,METAL,COM BORNE,
2001007,CONJ. MOVIMENTADOR TRINO 500 SPEED 127V 50-60HZ,FLEX,COM ENCODER,ZAMAC 2 ENT COM IMÃ,P45 127V 2 ENT,50UF,CINZA C/ VENEZIANA,METAL,COM BORNE,
2001170,CONJ. MOVIMENTADOR TRINO 500 SPEED 127V 50-60HZ COM B. ALUMINIUM,FLEX,B. ALUM C/ ENCODER,ZAMAC 2 ENT COM IMÃ,P45 127V 2 ENT,50UF,CINZA C/ VENEZIANA,METAL,COM BORNE,
2004024,CONJ. MOVIMENTADOR TRINO 500 SPEED 127V 50-60HZ KRIPT,FLEX,COM ENCODER,ZAMAC 2 ENT COM IMÃ,P45 127V 2 ENT,50UF,CINZA C/ VENEZIANA,METAL,COM BORNE,
2004052,CONJ. MOVIMENTADOR TRINO 500 SPEED 127V 50-60HZ KRIPT SEM CREMALHEIRA,FLEX,COM ENCODER,ZAMAC 2 ENT COM IMÃ,P45 127V 2 ENT,50UF,CINZA C/ VENEZIANA,METAL,COM BORNE,
2001037,CONJ. MOVIMENTADOR TRINO 500 SPEED 127V 50-60HZ SEM CREMALHEIRA,FLEX,COM ENCODER,ZAMAC 2 ENT COM IMÃ,P45 127V 2 ENT,50UF,CINZA C/ VENEZIANA,METAL,COM BORNE,
2001184,CONJ. MOVIMENTADOR TRINO 500 SPEED 127V 50-60HZ SEM CREMALHEIRA COM B. ALUMINIUM,FLEX,B. ALUM C/ ENCODER,ZAMAC 2 ENT COM IMÃ,P45 127V 2 ENT,50UF,CINZA C/ VENEZIANA,METAL,COM BORNE,
2001008,CONJ. MOVIMENTADOR TRINO 500 SPEED 220V 50-60HZ,FLEX,COM ENCODER,ZAMAC 2 ENT COM IMÃ,P45 220V 2 ENT,20UF,CINZA C/ VENEZIANA,METAL,COM BORNE,
2001171,CONJ. MOVIMENTADOR TRINO 500 SPEED 220V 50-60HZ COM B. ALUMINIUM,FLEX,B. ALUM C/ ENCODER,ZAMAC 2 ENT COM IMÃ,P45 220V 2 ENT,20UF,CINZA C/ VENEZIANA,METAL,COM BORNE,
2001224,CONJ. MOVIMENTADOR TRINO 500 SPEED 220V 50-60HZ KRIPT,FLEX,COM ENCODER,ZAMAC 2 ENT COM IMÃ,P45 220V 2 ENT,20UF,CINZA C/ VENEZIANA,METAL,COM BORNE,
2004053,CONJ. MOVIMENTADOR TRINO 500 SPEED 220V 50-60HZ KRIPT SEM CREMALHEIRA,FLEX,COM ENCODER,ZAMAC 2 ENT COM IMÃ,P45 220V 2 ENT,20UF,CINZA C/ VENEZIANA,METAL,COM BORNE,
2001038,CONJ. MOVIMENTADOR TRINO 500 SPEED 220V 50-60HZ SEM CREMALHEIRA,FLEX,COM ENCODER,ZAMAC 2 ENT COM IMÃ,P45 220V 2 ENT,20UF,CINZA C/ VENEZIANA,METAL,COM BORNE,
2004026,CONJ. MOVIMENTADOR TRINO 700 110V 50-60HZ KRIPT,FLEX,COM ENCODER,ZAMAC 1 ENT COM IMÃ,P33 127V 1 ENT,30UF,PRETA,METAL,COM BORNE,
2004054,CONJ. MOVIMENTADOR TRINO 700 110V 50-60HZ KRIPT SEM CREMALHEIRA,FLEX,COM ENCODER,ZAMAC 1 ENT COM IMÃ,P33 127V 1 ENT,30UF,PRETA,METAL,COM BORNE,
2001009,CONJ. MOVIMENTADOR TRINO 700 127V 50-60HZ,FLEX,COM ENCODER,ZAMAC 1 ENT COM IMÃ,P33 127V 1 ENT,30UF,PRETA,METAL,COM BORNE,
2001172,CONJ. MOVIMENTADOR TRINO 700 127V 50-60HZ COM B. ALUMINIUM,FLEX,B. ALUM C/ ENCODER,ZAMAC 1 ENT COM IMÃ,P33 127V 1 ENT,30UF,PRETA,METAL,COM BORNE,
2001039,CONJ. MOVIMENTADOR TRINO 700 127V 50-60HZ SEM CREMALHEIRA,FLEX,COM ENCODER,ZAMAC 1 ENT COM IMÃ,P33 127V 1 ENT,30UF,PRETA,METAL,COM BORNE,
2001186,CONJ. MOVIMENTADOR TRINO 700 127V 50-60HZ SEM CREMALHEIRA COM B. ALUMINIUM,FLEX,B. ALUM C/ ENCODER,ZAMAC 1 ENT COM IMÃ,P33 127V 1 ENT,30UF,PRETA,METAL,COM BORNE,
2001010,CONJ. MOVIMENTADOR TRINO 700 220V 50-60HZ,FLEX,COM ENCODER,ZAMAC 1 ENT COM IMÃ,P33 220V 1 ENT,12UF,PRETA,METAL,COM BORNE,
2001173,CONJ. MOVIMENTADOR TRINO 700 220V 50-60HZ COM B. ALUMINIUM,FLEX,B. ALUM C/ ENCODER,ZAMAC 1 ENT COM IMÃ,P33 220V 1 ENT,12UF,PRETA,METAL,COM BORNE,
2001217,CONJ. MOVIMENTADOR TRINO 700 220V 50-60HZ GKOLL,FLEX,COM ENCODER,ZAMAC 1 ENT COM IMÃ,P33 220V 1 ENT,12UF,PRETA,METAL,COM BORNE,
2004022,CONJ. MOVIMENTADOR TRINO 700 220V 50-60HZ KRIPT,FLEX,COM ENCODER,ZAMAC 1 ENT COM IMÃ,P33 220V 1 ENT,12UF,PRETA,METAL,COM BORNE,
2004055,CONJ. MOVIMENTADOR TRINO 700 220V 50-60HZ KRIPT SEM CREMALHEIRA,FLEX,COM ENCODER,ZAMAC 1 ENT COM IMÃ,P33 220V 1 ENT,12UF,PRETA,METAL,COM BORNE,
2001040,CONJ. MOVIMENTADOR TRINO 700 220V 50-60HZ SEM CREMALHEIRA,FLEX,COM ENCODER,ZAMAC 1 ENT COM IMÃ,P33 220V 1 ENT,12UF,PRETA,METAL,COM BORNE,
2004027,CONJ. MOVIMENTADOR TRINO 900 110V 50-60HZ KRIPT,FLEX,COM ENCODER,ZAMAC 1 ENT COM IMÃ,P45 127V 1 ENT,50UF,PRETA C/ VENEZIANA,METAL,COM BORNE,
2004056,CONJ. MOVIMENTADOR TRINO 900 110V 50-60HZ KRIPT SEM CREMALHEIRA,FLEX,COM ENCODER,ZAMAC 1 ENT COM IMÃ,P45 127V 1 ENT,50UF,PRETA C/ VENEZIANA,METAL,COM BORNE,
2001011,CONJ. MOVIMENTADOR TRINO 900 127V 50-60HZ,FLEX,COM ENCODER,ZAMAC 1 ENT COM IMÃ,P45 127V 1 ENT,50UF,PRETA C/ VENEZIANA,METAL,COM BORNE,
2001174,CONJ. MOVIMENTADOR TRINO 900 127V 50-60HZ COM B. ALUMINIUM,FLEX,B. ALUM C/ ENCODER,ZAMAC 1 ENT COM IMÃ,P45 127V 1 ENT,50UF,PRETA C/ VENEZIANA,METAL,COM BORNE,
2001218,CONJ. MOVIMENTADOR TRINO 900 127V 50-60HZ GKOLL,FLEX,COM ENCODER,ZAMAC 1 ENT COM IMÃ,P45 127V 1 ENT,50UF,PRETA C/ VENEZIANA,METAL,COM BORNE,
2001041,CONJ. MOVIMENTADOR TRINO 900 127V 50-60HZ SEM CREMALHEIRA,FLEX,COM ENCODER,ZAMAC 1 ENT COM IMÃ,P45 127V 1 ENT,50UF,PRETA C/ VENEZIANA,METAL,COM BORNE,
2001188,CONJ. MOVIMENTADOR TRINO 900 127V 50-60HZ SEM CREMALHEIRA COM B. ALUMINIUM,FLEX,B. ALUM C/ ENCODER,ZAMAC 1 ENT COM IMÃ,P45 127V 1 ENT,50UF,PRETA C/ VENEZIANA,METAL,COM BORNE,
2001012,CONJ. MOVIMENTADOR TRINO 900 220V 50-60HZ,FLEX,COM ENCODER,ZAMAC 1 ENT COM IMÃ,P45 220V 1 ENT,12UF,PRETA C/ VENEZIANA,METAL,COM BORNE,
2001175,CONJ. MOVIMENTADOR TRINO 900 220V 50-60HZ COM B. ALUMINIUM,FLEX,B. ALUM C/ ENCODER,ZAMAC 1 ENT COM IMÃ,P45 220V 1 ENT,12UF,PRETA C/ VENEZIANA,METAL,COM BORNE,
2004023,CONJ. MOVIMENTADOR TRINO 900 220V 50-60HZ KRIPT,FLEX,COM ENCODER,ZAMAC 1 ENT COM IMÃ,P45 220V 1 ENT,12UF,PRETA C/ VENEZIANA,METAL,COM BORNE,
2004057,CONJ. MOVIMENTADOR TRINO 900 220V 50-60HZ KRIPT SEM CREMALHEIRA,FLEX,COM ENCODER,ZAMAC 1 ENT COM IMÃ,P45 220V 1 ENT,12UF,PRETA C/ VENEZIANA,METAL,COM BORNE,
2001042,CONJ. MOVIMENTADOR TRINO 900 220V 50-60HZ SEM CREMALHEIRA,FLEX,COM ENCODER,ZAMAC 1 ENT COM IMÃ,P45 220V 1 ENT,12UF,PRETA C/ VENEZIANA,METAL,COM BORNE,
2001189,CONJ. MOVIMENTADOR TRINO 900 220V 50-60HZ SEM CREMALHEIRA COM B. ALUMINIUM,FLEX,B. ALUM C/ ENCODER,ZAMAC 1 ENT COM IMÃ,P45 220V 1 ENT,12UF,PRETA C/ VENEZIANA,METAL,COM BORNE,
2001107,CONJ. MOVIMENTADOR TRINO 300 127V Light 50-60HZ EX C/ CREMALHEIRA 3MT EX,LIGHT,SEM ENCODER,NYLON 1 ENT SEM IMÃ,P17 127V 1 ENT,30UF,PRETA,METAL ,COM BORNE,
2001229,CONJ. MOVIMENTADOR TRINO 300 220V Light 50-60HZ COM  B. ALUMINIUM EX C/ CREMALHEIRA 3MT EX,LIGHT,B. ALUM SEM ENCODER,NYLON 1 ENT SEM IMÃ,P17 50HZ 220V 1 ENT,12UF,PRETA,METAL ,COM BORNE,
2001223,CONJ. MOVIMENTADOR TRINO 900 220V 50-60HZ COM  B. ALUMINIUM EX C/ CREMALHEIRA 3MT EX,FLEX,B. ALUM C/ ENCODER,ZAMAC 1 ENT COM IMÃ,P45 50HZ 220V 1 ENT,12UF,PRETA C/ VENEZIANA,METAL ,COM BORNE,
2001226,CONJ. MOVIMENTADOR TRINO 300 SPEED 220V 50-60HZ COM  B. ALUMINIUM EX C/ CREMALHEIRA 3MT EX,FLEX,B. ALUM C/ ENCODER,ZAMAC 2 ENT COM IMÃ,P33 50HZ 220V 2 ENT,20UF,CINZA,METAL ,COM BORNE,
2001240,CONJ. MOVIMENTADOR TRINO 500 SPEED 220V 50-60HZ COM  B. ALUMINIUM EX C/ CREMALHEIRA 3MT EX,FLEX,B. ALUM C/ ENCODER,ZAMAC 2 ENT COM IMÃ,P45 50HZ 220V 2 ENT,20UF,CINZA C/ VENEZIANA,METAL ,COM BORNE,
2001265,CONJ. MOVIMENTADOR DZ BRABUS SPEED 300 B. ALUMINIUM 220V 50-60HZ EX C/ CREMALHEIRA 3MT EX,FX BRABUS,B. ALUM C/ ENCODER,NYLON 1 ENT COM IMÃ,P24 220V 2 POLOS 1 ENT (AÇO),20UF,PRETA C/ VENEZIANA,METAL ,COM BORNE,
2001267,CONJ. MOVIMENTADOR DZ BRABUS SPEED 500 B. ALUMINIUM 220V 50-60HZ EX C/ CREMALHEIRA 3MT EX,FX BRABUS,B. ALUM C/ ENCODER,NYLON 1 ENT COM IMÃ,P28 220V 2 POLOS 1 ENT (AÇO),20UF,PRETA C/ VENEZIANA,METAL ,COM BORNE,
2001269,CONJ. MOVIMENTADOR DZ BRABUS SPEED 700 B. ALUMINIUM 220V 50-60HZ EX C/ CREMALHEIRA 3MT EX,FX BRABUS,B. ALUM C/ ENCODER,NYLON 1 ENT COM IMÃ,P39 220V 2 POLOS 1 ENT (AÇO),20UF,PRETA C/ VENEZIANA,METAL ,COM BORNE,
2001179,CONJ. MOVIMENTADOR TRINO 300 127V 50-60HZ SEM CREMALHEIRA COM  B. ALUMINIUM,FLEX,SEM ENCODER,NYLON 1 ENT SEM IMÃ,P17 127V 1 ENT,30UF,PRETA,PLÁSTICO,COM BORNE,
2001239,CONJ. MOVIMENTADOR TRINO 500 220V 50-60HZ COM  B. ALUMINIUM EX C/ CREMALHEIRA 3MT EX,FLEX,B. ALUM SEM ENCODER,NYLON 1 ENT SEM IMÃ,P28 50HZ 220V 1 ENT,12UF,PRETA,METAL ,COM BORNE,
2001268,CONJ. MOVIMENTADOR DZ BRABUS SPEED 700 B. ALUMINIUM 127V 50-60HZ EX C/ CREMALHEIRA 3MT EX,FX BRABUS,B. ALUM C/ ENCODER,NYLON 1 ENT COM IMÃ,P39 127V 2 POLOS 1 ENT (AÇO),40UF,PRETA C/ VENEZIANA,METAL ,COM BORNE,
2001070,CONJ. MOVIMENTADOR TRINO 300 220V 50-60HZ C/ CREMALHEIRA 3MT EX,FLEX,SEM ENCODER,NYLON 1 ENT SEM IMÃ,P17 50HZ 220V 1 ENT,12UF,PRETA,METAL ,COM BORNE,
2001072,CONJ. MOVIMENTADOR TRINO 300 SPEED 220V 50-60HZ EX C/ CREMALHEIRA 3MT EX,FLEX,COM ENCODER,ZAMAC 2 ENT COM IMÃ,P33 50HZ 220V 2 ENT,20UF,CINZA,METAL ,COM BORNE,
2001074,CONJ. MOVIMENTADOR TRINO 500 220V 50-60HZ EX C/ CREMALHEIRA 3MT EX,FLEX,SEM ENCODER,NYLON 1 ENT SEM IMÃ,P28 50HZ 220V 1 ENT,12UF,PRETA,METAL ,COM BORNE,
2001078,CONJ. MOVIMENTADOR TRINO 700 220V 50-60HZ EX C/ CREMALHEIRA 3MT EX,FLEX,COM ENCODER,ZAMAC 1 ENT COM IMÃ,P33 50HZ 220V 1 ENT,12UF,PRETA,METAL ,COM BORNE,
2001285,CONJ. MOVIMENTADOR TRINO 300 220V Light 50-60HZ COM  B. ALUMINIUM BBS C/ CREMALHEIRA 3MT EX,LIGHT,B. ALUM SEM ENCODER,NYLON 1 ENT SEM IMÃ,P17 50HZ 220V 1 ENT,12UF,PRETA,METAL ,COM BORNE,
2001286,CONJ. MOVIMENTADOR TRINO 500 220V 50-60HZ COM  B. ALUMINIUM BBS C/ CREMALHEIRA 3MT EX,FLEX,B. ALUM SEM ENCODER,NYLON 1 ENT SEM IMÃ,P28 50HZ 220V 1 ENT,12UF,CINZA,METAL ,COM BORNE,
2001139,CONJ. MOVIMENTADOR TRINO 300 220V Light 50-60HZ C/ CREMALHEIRA 3MT EX,LIGHT,SEM ENCODER,NYLON 1 ENT SEM IMÃ,P17 50HZ 220V 1 ENT,12UF,PRETA,METAL ,COM BORNE,
2001230,CONJ. MOVIMENTADOR TRINO SOFT 220V 50-60Hz COM  B. ALUMINIUM C/ CREMALHEIRA 3MT EX,FLEX,B. ALUM C/ ENCODER,ZAMAC 2 ENT COM IMÃ,P33 50HZ 220V 2 ENT,12UF,CINZA,METAL ,COM BORNE,
2001079,CONJ. MOVIMENTADOR TRINO 900 127V 50-60HZ C/ CREMALHEIRA 3MT EX,FLEX,COM ENCODER,ZAMAC 1 ENT COM IMÃ,P45 127V 1 ENT,50UF,PRETA C/ VENEZIANA,METAL ,COM BORNE,
2006001,CONJ. MOVIMENTADOR INTELIGENTE - IZZY 300 127V 50-60HZ,IZZY,COM ENCODER,NYLON 1 ENT COM IMÃ,P17 127V 1 ENT,30UF,GRAFITE,PLÁSTICO,COM BORNE,
2006002,CONJ. MOVIMENTADOR INTELIGENTE - IZZY 300 220V 50-60HZ,IZZY,COM ENCODER,NYLON 1 ENT COM IMÃ,P17 220V 1 ENT,12UF,GRAFITE,PLÁSTICO,COM BORNE,
2006003,CONJ. MOVIMENTADOR INTELIGENTE - IZZY 300 SPEED 127V 50-60HZ,IZZY,COM ENCODER,ZAMAC 2 ENT COM IMÃ,P33 127V 2 ENT,50UF,BRANCA,METAL,COM BORNE,
2006004,CONJ. MOVIMENTADOR INTELIGENTE - IZZY 300 SPEED 220V 50-60HZ,IZZY,COM ENCODER,ZAMAC 2 ENT COM IMÃ,P33 220V 2 ENT,20UF,BRANCA,METAL,COM BORNE,
2006005,CONJ. MOVIMENTADOR INTELIGENTE - IZZY 500 127V 50-60HZ,IZZY,COM ENCODER,NYLON 1 ENT COM IMÃ,P28 127V 1 ENT,30UF,GRAFITE,METAL,COM BORNE,
2006006,CONJ. MOVIMENTADOR INTELIGENTE - IZZY 500 220V 50-60HZ,IZZY,COM ENCODER,NYLON 1 ENT COM IMÃ,P28 220V 1 ENT,12UF,GRAFITE,METAL,COM BORNE,
2006007,CONJ. MOVIMENTADOR INTELIGENTE - IZZY 500 SPEED 127V 50-60HZ,IZZY,COM ENCODER,ZAMAC 2 ENT COM IMÃ,P45 127V 2 ENT,50UF,BRANCA C/ VENEZIANA,METAL,COM BORNE,
2006008,CONJ. MOVIMENTADOR INTELIGENTE - IZZY 500 SPEED 220V 50-60HZ,IZZY,COM ENCODER,ZAMAC 2 ENT COM IMÃ,P45 220V 2 ENT,20UF,BRANCA C/ VENEZIANA,METAL,COM BORNE,
2006009,CONJ. MOVIMENTADOR INTELIGENTE - IZZY 700 127V 50-60HZ,IZZY,COM ENCODER,ZAMAC 1 ENT COM IMÃ,P33 127V 1 ENT,30UF,GRAFITE,METAL,COM BORNE,
2006010,CONJ. MOVIMENTADOR INTELIGENTE - IZZY 700 220V 50-60HZ,IZZY,COM ENCODER,ZAMAC 1 ENT COM IMÃ,P33 220V 1 ENT,12UF,GRAFITE,METAL,COM BORNE,
2006011,CONJ. MOVIMENTADOR INTELIGENTE - IZZY 900 127V 50-60HZ,IZZY,COM ENCODER,ZAMAC 1 ENT COM IMÃ,P45 127V 1 ENT,50UF,GRAFITE C/ VENEZIANA,METAL,COM BORNE,
2006012,CONJ. MOVIMENTADOR INTELIGENTE - IZZY 900 220V 50-60HZ,IZZY,COM ENCODER,ZAMAC 1 ENT COM IMÃ,P45 220V 1 ENT,12UF,GRAFITE C/ VENEZIANA,METAL,COM BORNE,
2006015,CONJ. MOVIMENTADOR INTELIGENTE - IZZY 300 127V 50-60HZ COM B. ALUMINIUM,IZZY,COM ENCODER,NYLON 1 ENT COM IMÃ,P17 127V 1 ENT,30UF,GRAFITE,PLÁSTICO,COM BORNE,
2006016,CONJ. MOVIMENTADOR INTELIGENTE - IZZY 300 220V 50-60HZ COM B. ALUMINIUM,IZZY,COM ENCODER,NYLON 1 ENT COM IMÃ,P17 220V 1 ENT,12UF,GRAFITE,PLÁSTICO,COM BORNE,
2006017,CONJ. MOVIMENTADOR INTELIGENTE - IZZY 300 SPEED 127V 50-60HZ COM B. ALUMINIUM,IZZY,B. ALUM C/ ENCODER,ZAMAC 2 ENT COM IMÃ,P33 127V 2 ENT,50UF,BRANCA,METAL,COM BORNE,
2006018,CONJ. MOVIMENTADOR INTELIGENTE - IZZY 300 SPEED 220V 50-60HZ COM B. ALUMINIUM,IZZY,B. ALUM C/ ENCODER,ZAMAC 2 ENT COM IMÃ,P33 220V 2 ENT,20UF,BRANCA,METAL,COM BORNE,
2006019,CONJ. MOVIMENTADOR INTELIGENTE - IZZY 500 127V 50-60HZ COM B. ALUMINIUM,IZZY,B. ALUM C/ ENCODER,NYLON 1 ENT COM IMÃ,P28 127V 1 ENT,30UF,GRAFITE,METAL,COM BORNE,
2006020,CONJ. MOVIMENTADOR INTELIGENTE - IZZY 500 220V 50-60HZ COM B. ALUMINIUM,IZZY,B. ALUM C/ ENCODER,NYLON 1 ENT COM IMÃ,P28 220V 1 ENT,12UF,GRAFITE,METAL,COM BORNE,
2006021,CONJ. MOVIMENTADOR INTELIGENTE - IZZY 500 SPEED 127V 50-60HZ COM B. ALUMINIUM,IZZY,B. ALUM C/ ENCODER,ZAMAC 2 ENT COM IMÃ,P45 127V 2 ENT,50UF,BRANCA C/ VENEZIANA,METAL,COM BORNE,
2006022,CONJ. MOVIMENTADOR INTELIGENTE - IZZY 500 SPEED 220V 50-60HZ COM B. ALUMINIUM,IZZY,B. ALUM C/ ENCODER,ZAMAC 2 ENT COM IMÃ,P45 220V 2 ENT,20UF,BRANCA C/ VENEZIANA,METAL,COM BORNE,
2006023,CONJ. MOVIMENTADOR INTELIGENTE - IZZY 700 127V 50-60HZ COM B. ALUMINIUM,IZZY,B. ALUM C/ ENCODER,ZAMAC 1 ENT COM IMÃ,P33 127V 1 ENT,30UF,GRAFITE,METAL,COM BORNE,
2006024,CONJ. MOVIMENTADOR INTELIGENTE - IZZY 700 220V 50-60HZ COM B. ALUMINIUM,IZZY,B. ALUM C/ ENCODER,ZAMAC 1 ENT COM IMÃ,P33 220V 1 ENT,12UF,GRAFITE,METAL,COM BORNE,
2006025,CONJ. MOVIMENTADOR INTELIGENTE - IZZY 900 127V 50-60HZ COM B. ALUMINIUM,IZZY,B. ALUM C/ ENCODER,ZAMAC 1 ENT COM IMÃ,P45 127V 1 ENT,50UF,GRAFITE C/ VENEZIANA,METAL,COM BORNE,
2006026,CONJ. MOVIMENTADOR INTELIGENTE - IZZY 900 220V 50-60HZ COM B. ALUMINIUM,IZZY,B. ALUM C/ ENCODER,ZAMAC 1 ENT COM IMÃ,P45 220V 1 ENT,12UF,GRAFITE C/ VENEZIANA,METAL,COM BORNE,
2006035,CONJ. MOVIMENTADOR INTELIGENTE - IZZY DZ INDUSTRIAL STRONG 2000KG 220V 50-60HZ SEM CREMALHEIRA,IZZY INDUSTRIAL,ALUMÍNIO IND,NYLON IND COM IMÃ,P80 220V,20UF,PRETA IND,METAL IND,COM BORNE,
2006041,CONJ. MOVIMENTADOR INTELIGENTE - IZZY 300 220V 50-60HZ SEM CREMALHEIRA,IZZY,COM ENCODER,NYLON 1 ENT COM IMÃ,P17 220V 1 ENT,12UF,GRAFITE,PLÁSTICO,COM BORNE,
2006042,CONJ. MOVIMENTADOR INTELIGENTE - IZZY 500 220V 50-60HZ SEM CREMALHEIRA,IZZY,COM ENCODER,NYLON 1 ENT COM IMÃ,P28 220V 1 ENT,12UF,GRAFITE,METAL,COM BORNE,
2006043,CONJ. MOVIMENTADOR INTELIGENTE - IZZY 500 220V 50-60HZ SEM CREMALHEIRA COM B. ALUMINIUM,IZZY,B. ALUM C/ ENCODER,NYLON 1 ENT COM IMÃ,P28 220V 1 ENT,12UF,GRAFITE,METAL,COM BORNE,
2006044,CONJ. MOVIMENTADOR INTELIGENTE - IZZY 300 220V 50-60HZ SEM CREMALHEIRA COM B. ALUMINIUM,IZZY,B. ALUM C/ ENCODER,NYLON 1 ENT COM IMÃ,P17 220V 1 ENT,12UF,GRAFITE,PLÁSTICO,COM BORNE,
2006053,CONJ. MOVIMENTADOR INTELIGENTE - IZZY 300 127V 50-60HZ SEM CREMALHEIRA,IZZY,COM ENCODER,NYLON 1 ENT COM IMÃ,P17 127V 1 ENT,30UF,GRAFITE,PLÁSTICO,COM BORNE,
2006055,CONJ. MOVIMENTADOR INTELIGENTE - IZZY 500 127V 50-60HZ SEM CREMALHEIRA,IZZY,COM ENCODER,NYLON 1 ENT COM IMÃ,P28 127V 1 ENT,30UF,GRAFITE,METAL,COM BORNE,
2006057,CONJ. MOVIMENTADOR INTELIGENTE - IZZY 300 SPEED 127V 50-60HZ - CONDOMINIAL 100,IZZY,COM ENCODER,ZAMAC 2 ENT COM IMÃ,P33 127V 2 ENT,50UF,BRANCA,METAL,COM BORNE,
2006058,CONJ. MOVIMENTADOR INTELIGENTE - IZZY 300 SPEED 220V 50-60HZ - CONDOMINIAL 100,IZZY,COM ENCODER,ZAMAC 2 ENT COM IMÃ,P33 220V 2 ENT,20UF,BRANCA,METAL,COM BORNE,
2006059,CONJ. MOVIMENTADOR INTELIGENTE - IZZY 300 SPEED 220V 50-60HZ SEM CREMALHEIRA,IZZY,COM ENCODER,ZAMAC 2 ENT COM IMÃ,P33 220V 2 ENT,20UF,BRANCA,METAL,COM BORNE,
2006060,CONJ. MOVIMENTADOR INTELIGENTE - IZZY 300 SPEED 127V 50-60HZ SEM CREMALHEIRA,IZZY,COM ENCODER,ZAMAC 2 ENT COM IMÃ,P33 127V 2 ENT,50UF,BRANCA,METAL,COM BORNE,
2006061,CONJ. MOVIMENTADOR INTELIGENTE - IZZY 500 SPEED 127V 50-60HZ SEM CREMALHEIRA,IZZY,COM ENCODER,ZAMAC 2 ENT COM IMÃ,P45 127V 2 ENT,50UF,BRANCA C/ VENEZIANA,METAL,COM BORNE,
2006062,CONJ. MOVIMENTADOR INTELIGENTE - IZZY 500 SPEED 220V 50-60HZ SEM CREMALHEIRA,IZZY,COM ENCODER,ZAMAC 2 ENT COM IMÃ,P45 220V 2 ENT,20UF,BRANCA C/ VENEZIANA,METAL,COM BORNE,
2006063,CONJ. MOVIMENTADOR INTELIGENTE - IZZY 900 220V 50-60HZ SEM CREMALHEIRA,IZZY,COM ENCODER,ZAMAC 1 ENT COM IMÃ,P45 220V 1 ENT,12UF,GRAFITE C/ VENEZIANA,METAL,COM BORNE,
2006064,CONJ. MOVIMENTADOR INTELIGENTE - IZZY 900 127V 50-60HZ SEM CREMALHEIRA,IZZY,COM ENCODER,ZAMAC 1 ENT COM IMÃ,P45 127V 1 ENT,50UF,GRAFITE C/ VENEZIANA,METAL,COM BORNE,
2006065,CONJ. MOVIMENTADOR INTELIGENTE - IZZY 500 127V 50-60HZ - CONDOMINIAL 100,IZZY,COM ENCODER,NYLON 1 ENT COM IMÃ,P28 127V 1 ENT,30UF,GRAFITE,METAL,COM BORNE,
2006066,CONJ. MOVIMENTADOR INTELIGENTE - IZZY 500 220V 50-60HZ - CONDOMINIAL 100,IZZY,COM ENCODER,NYLON 1 ENT COM IMÃ,P28 220V 1 ENT,12UF,GRAFITE,METAL,COM BORNE,
2006067,CONJ. MOVIMENTADOR INTELIGENTE - IZZY 700 127V 50-60HZ SEM CREMALHEIRA,IZZY,COM ENCODER,ZAMAC 1 ENT COM IMÃ,P33 127V 1 ENT,30UF,GRAFITE,METAL,COM BORNE,
2006068,CONJ. MOVIMENTADOR INTELIGENTE - IZZY 700 220V 50-60HZ SEM CREMALHEIRA,IZZY,COM ENCODER,ZAMAC 1 ENT COM IMÃ,P33 220V 1 ENT,12UF,GRAFITE,METAL,COM BORNE,
2006087,CONJ. MOVIMENTADOR INTELIGENTE - IZZY 300 220V 50-60HZ SEM CREMALHEIRA C B. ALUM EX,IZZY,B. ALUM C/ ENCODER,NYLON 1 ENT COM IMÃ,P17 220V 50HZ 1 ENT,12UF,GRAFITE,METAL ,COM BORNE,
2001221,CONJ. MOVIMENTADOR DZ INDUSTRIAL STRONG 2000KG 220V 50-60HZ SEM CREMALHEIRA,CCMD INDUSTRIAL,ALUMÍNIO IND,NYLON IND COM IMÃ,P80 220V,20UF,PRETA IND,METAL IND,COM BORNE,
2001237,CONJ. MOVIMENTADOR TRINO SPEED TURBO PRO 1/2 FREQUENCY INVERTER BIVOLT 50-60HZ B. ALUM. S. CREMALHEI,NEW INVERTER,ALUMIN C/ENCODER,NYLON 1 ENT COM IMÃ,P39 110V TRIF 1 ENT,NÃO USA,CINZA C/ VENEZIANA,METAL,COM BORNE,
2001157,CONJ. MOVIMENTADOR TRINO SPEED TURBO PRO 1/4 FREQUENCY INVERTER BIVOLT 50-60HZ,NEW INVERTER,ALUMIN C/ENCODER,NYLON 1 ENT COM IMÃ,P24 110V TRIF 1 ENT,NÃO USA,CINZA C/ VENEZIANA,METAL,COM BORNE,
2001207,CONJ. MOVIMENTADOR TRINO SPEED TURBO PRO 1/4 FREQUENCY INVERTER BIVOLT 50-60HZ ALUMINIUM - SEM CRE,NEW INVERTER,ALUMIN C/ENCODER,NYLON 1 ENT COM IMÃ,P24 110V TRIF 1 ENT,NÃO USA,CINZA C/ VENEZIANA,METAL,COM BORNE,
2001204,CONJ. MOVIMENTADOR TRINO SPEED TURBO PRO 1/4 FREQUENCY INVERTER BIVOLT 50-60HZ B. ALUMINIUM,NEW INVERTER,ALUMIN C/ENCODER,NYLON 1 ENT COM IMÃ,P24 110V TRIF 1 ENT,NÃO USA,CINZA C/ VENEZIANA,METAL,COM BORNE,
2006097,CONJ. MOVIMENTADOR INTELIGENTE - IZZY DZ INDUSTRIAL STRONG 2000KG 220V 50-60HZ S/CREMALH PANTHER EX,IZZY INDUSTRIAL,ALUMÍNIO IND,NYLON IND COM IMÃ,P80 220V,20UF,PRETA IND,METAL ,COM BORNE,
2006050,CONJ. MOVIMENTADOR INTELIGENTE - IZZY 500 127V 50-60HZ C/ CREMALHEIRA 3MT EX,IZZY,COM ENCODER,NYLON 1 ENT COM IMÃ,P28 127V 1 ENT,30UF,GRAFITE,METAL ,COM BORNE,
2006089,CONJ. MOVIMENTADOR INTELIGENTE - IZZY 500 127V 50-60HZ COM B. ALUMINIUM C/ CREMALHEIRA 3MT EX,IZZY,B. ALUM C/ ENCODER,NYLON 1 ENT COM IMÃ,P28 127V 1 ENT,30UF,GRAFITE,METAL ,COM BORNE,
2006090,CONJ. MOVIMENTADOR INTELIGENTE - IZZY 900 127V 50-60HZ COM B. ALUMINIUM C/ CREMALHEIRA 3MT EX,IZZY,B. ALUM C/ ENCODER,ZAMAC 1 ENT COM IMÃ,P45 127V 1 ENT,50UF,GRAFITE C/ VENEZIANA,METAL ,COM BORNE,
2001251,CONJ. MOVIMENTADOR TRINO SPEED TURBO PRO 1/2 FREQUENCY INVERTER BIVOLT 50-60HZ B. ALUMINIUM,NEW INVERTER,ALUMIN C/ENCODER,NYLON 1 ENT COM IMÃ,P39 110V TRIF 1 ENT,NÃO USA,CINZA C/ VENEZIANA,METAL,COM BORNE,
2001222,CONJ. MOVIMENTADOR DZ INDUSTRIAL STRONG 2000KG 220V 50-60HZ SEM CREMALHEIRA EX,CCMD INDUSTRIAL,ALUMÍNIO IND,NYLON IND COM IMÃ,P80 220V,20UF,PRETA IND,METAL ,COM BORNE,
2006045,CONJ. MOVIMENTADOR INTELIGENTE - IZZY 300 SPEED 220V 50-60HZ COM  B. ALUMINIUM C/ CREMALHEIRA 3MT EX,IZZY,B. ALUM C/ ENCODER,ZAMAC 2 ENT COM IMÃ,P33 220V 50HZ 2 ENT,20UF,BRANCA,METAL ,COM BORNE,
2006046,CONJ. MOVIMENTADOR INTELIGENTE - IZZY 500 SPEED 220V 50-60HZ COM  B. ALUMINIUM C/ CREMALHEIRA 3MT EX,IZZY,B. ALUM C/ ENCODER,ZAMAC 2 ENT COM IMÃ,P45 220V 50HZ 2 ENT,20UF,BRANCA C/ VENEZIANA,METAL ,COM BORNE,
2006049,CONJ. MOVIMENTADOR INTELIGENTE - IZZY 300 127V 50-60HZ C/ CREMALHEIRA 3MT EX,IZZY,COM ENCODER,NYLON 1 ENT COM IMÃ,P17 127V 1 ENT,30UF,GRAFITE,METAL ,COM BORNE,
2006078,CONJ. MOVIMENTADOR INTELIGENTE - IZZY 500 220V 50-60HZ COM B. ALUM. PANTHER C/ CREMALHEIRA 3MT EX,IZZY,B. ALUM C/ ENCODER,NYLON 1 ENT COM IMÃ,P28 220V 50HZ 1 ENT,12UF,GRAFITE,METAL ,COM BORNE,
2006047,CONJ. MOVIMENTADOR INTELIGENTE - IZZY 500 220V 50-60HZ COM B. ALUMINIUM C/ CREMALHEIRA 3MT EX,IZZY,B. ALUM C/ ENCODER,NYLON 1 ENT COM IMÃ,P28 220V 50HZ 1 ENT,12UF,GRAFITE,METAL ,COM BORNE,
2001283,CONJ. MOVIMENTADOR DZ BRABUS SPEED LIGHT 127V 50-60HZ,FX BRABUS,COM ENCODER,NYLON 1 ENT COM IMÃ,P22 127V 2 POLOS 1 ENT (AÇO),40UF,PRETA C/ VENEZIANA,PLÁSTICO,COM BORNE,
2001284,CONJ. MOVIMENTADOR DZ BRABUS SPEED LIGHT 220V 50-60HZ,FX BRABUS,COM ENCODER,NYLON 1 ENT COM IMÃ,P22 220V 2 POLOS 1 ENT (AÇO),20UF,PRETA C/ VENEZIANA,PLÁSTICO,COM BORNE,
2001287,CONJ. MOVIMENTADOR SPEED 700 220V 50-60HZ COM B. ALUMINIUM SEM CREMALHEIRA C/ CREMALHEIRA 3MT EX,FX BRABUS,B. ALUM C/ ENCODER,NYLON 1 ENT COM IMÃ,P39 220V 2 POLOS 50HZ 1 ENT (AÇO),20UF,PRETA,METAL ,COM BORNE,
2001288,CONJ. MOVIMENTADOR TRINO 800 SDOOR 220V 50-60HZ COM B. ALUMINIUM SEM CREMALHEIRA EX,FLEX,B. ALUM C/ ENCODER,ZAMAC 1 ENT COM IMÃ,P45 220V 50HZ 1 ENT (AÇO),12UF,PRETA C/ VENEZIANA,METAL ,COM BORNE,
2001289,CONJ. MOVIMENTADOR DZ BRABUS SPEED 600 SDOOR B. ALUMINIUM 220V 50-60HZ SEM CREMALH EX,FX BRABUS,B. ALUM C/ ENCODER,NYLON 1 ENT COM IMÃ,P28 220V 2 POLOS 1 ENT (AÇO),20UF,PRETA C/ VENEZIANA,METAL ,COM BORNE,
2001290,CONJ.MOVIMENTADOR DZ BRABUS SPEED 800 SDOOR B. ALUMINIUM 220V 50-60HZ SEM CREMALH EX,FX BRABUS,B. ALUM C/ ENCODER,NYLON 1 ENT COM IMÃ,P39 220V 2 POLOS 1 ENT (AÇO),20UF,PRETA C/ VENEZIANA,METAL ,COM BORNE,
2001292,CONJ.MOV TRINO SPEED TURBO PRO 600 SDOOR 220V INVERTER BIVOLT 50-60HZ B.ALUM SEM CREM EX,NEW INVERTER,ALUMIN C/ENCODER,NYLON 1 ENT COM IMÃ,P24 110V TRIF 1 ENT (AÇO),NÃO USA,CINZA C/ VENEZIANA,METAL ,COM BORNE,
2001293,CONJ.MOV TRINO SPEED TURBO PRO 800 SDOOR 220V INVERTER BIVOLT 50-60HZ B. AL SEM CREMALH EX,NEW INVERTER,ALUMIN C/ENCODER,NYLON 1 ENT COM IMÃ,P39 110V TRIF 1 ENT (AÇO),NÃO USA,CINZA C/ VENEZIANA,METAL ,COM BORNE,
2001294,CONJ. MOVIMENTADOR DZ INDUSTRIAL STRONG 1000KG SDOOR 220V 50-60HZ SEM CREMALHEIRA EX,CCMD INDUSTRIAL,ALUMÍNIO IND,NYLON IND COM IMÃ,P45 220V 50HZ 1 ENT (AÇO),20UF,PRETA IND,METAL ,COM BORNE,
2001295,CONJ. MOVIMENTADOR DZ INDUSTRIAL STRONG 1500KG SDOOR 220V 50-60HZ SEM CREMALHEIRA EX,CCMD INDUSTRIAL,ALUMÍNIO IND,NYLON IND COM IMÃ,P60 220V (AÇO),20UF,PRETA IND,METAL ,COM BORNE,
2001296,CONJ. MOVIMENTADOR DZ INDUSTRIAL STRONG 2000KG SDOOR 220V 50-60HZ SEM CREMALHEIRA EX,CCMD INDUSTRIAL,ALUMÍNIO IND,NYLON IND COM IMÃ,P80 220V (AÇO),20UF,PRETA IND,METAL ,COM BORNE,
2001069,CONJ. MOVIMENTADOR TRINO 300 127V 50-60HZ C/ CREMALHEIRA 3MT EX,FLEX,SEM ENCODER,NYLON 1 ENT SEM IMÃ,P17 127V 1 ENT,30UF,PRETA,METAL ,COM BORNE,
2006030,CONJ. MOVIMENTADOR INTELIGENTE - IZZY 300 220V 50-60HZ C/ CREMALHEIRA 3MT EX,IZZY,COM ENCODER,NYLON 1 ENT COM IMÃ,P17 220V 50HZ 1 ENT,12UF,GRAFITE,METAL ,COM BORNE,
2006032,CONJ. MOVIMENTADOR INTELIGENTE - IZZY 500 220V 50-60HZ C/ CREMALHEIRA 3MT EX,IZZY,COM ENCODER,NYLON 1 ENT COM IMÃ,P28 220V 50HZ 1 ENT,12UF,GRAFITE,METAL ,COM BORNE,
2006037,CONJ. MOVIMENTADOR INTELIGENTE - IZZY 900 220V 50-60HZ COM B. ALUMINIUM C/ CREMALHEIRA 3MT EX,IZZY,B. ALUM C/ ENCODER,ZAMAC 1 ENT COM IMÃ,P45 220V 50HZ 1 ENT,12UF,GRAFITE C/ VENEZIANA,METAL ,COM BORNE,
2006048,CONJ. MOVIMENTADOR INTELIGENTE - IZZY 700 220V 50-60HZ COM B. ALUMINIUM C/ CREMALHEIRA 3MT EX,IZZY,B. ALUM C/ ENCODER,ZAMAC 1 ENT COM IMÃ,P33 50HZ 220V 1 ENT,12UF,GRAFITE,METAL ,COM BORNE,
2001183,CONJ. MOVIMENTADOR TRINO 500 220V 50-60HZ SEM CREMALHEIRA COM  B. ALUMINIUM,FLEX,B. ALUM SEM ENCODER,NYLON 1 ENT SEM IMÃ,P28 220V 1 ENT,12UF,PRETA,METAL,COM BORNE,
2001219,CONJ. MOVIMENTADOR TRINO SPEED TURBO PRO 1/4 FREQUENCY INVERTER BIVOLT 50-60HZ B. ALUMINIUM C/ CREMALHEIRA 3MT EX,NEW INVERTER,ALUMIN C/ENCODER,NYLON 1 ENT COM IMÃ,P24 110V TRIF 1 ENT (AÇO),NÃO USA,CINZA C/ VENEZIANA,METAL ,COM BORNE,
2001215,CONJ. MOVIMENTADOR DZ BRABUS SPEED LIGHT 220V 50-60HZ SEM CREMALHEIRA,FX BRABUS,COM ENCODER,NYLON 1 ENT COM IMÃ,P22 220V 2 POLOS 1 ENT (AÇO),20UF,PRETA C/ VENEZIANA,PLÁSTICO,COM BORNE,
2006112,CONJ. MOVIMENTADOR INTELIGENTE - IZZY 700 127V 50-60HZ COM B. ALUMINIUM C/ CREMALHEIRA 3MT EX,IZZY,B. ALUM C/ ENCODER,ZAMAC 1 ENT COM IMÃ,P33 127V 1 ENT,30UF,GRAFITE,METAL ,COM BORNE,
2001304,CONJ. MOVIMENTADOR DZ BRABUS SPEED 900 220V 50-60HZ B. ALUMINIUM C/ CREMALHEIRA 3MT EX,FX BRABUS,B. ALUM C/ ENCODER,NYLON 1 ENT COM IMÃ,P39 220V 2 POLOS 1 ENT (AÇO),20UF,PRETA C/ VENEZIANA,METAL ,COM BORNE,
2001080,CONJ. MOVIMENTADOR TRINO 900 220V 50-60HZ C/ CREMALHEIRA 3MT EX,FLEX,COM ENCODER,ZAMAC 1 ENT COM IMÃ,P45 50HZ 220V 1 ENT,12UF,PRETA C/ VENEZIANA,METAL ,COM BORNE,
2001076,CONJ. MOVIMENTADOR TRINO 500 SPEED 220V 50-60HZ C/ CREMALHEIRA 3MT EX,FLEX,COM ENCODER,ZAMAC 2 ENT COM IMÃ,P45 50HZ 220V 2 ENT,20UF,CINZA C/ VENEZIANA,METAL ,COM BORNE,
2001291,CONJ. MOVIMENTADOR DZ BRABUS SPEED LIGHT 127V 50-60HZ SEM CREMALHEIRA,FX BRABUS,COM ENCODER,NYLON 1 ENT COM IMÃ,P22 127V 2 POLOS 1 ENT (AÇO),40UF,PRETA C/ VENEZIANA,PLÁSTICO,COM BORNE,
2006115,CONJ. MOVIMENTADOR INTELIGENTE - IZZY 900 220V 50-60HZ S. CREMALHEIRA C. B. ALUM,IZZY,B. ALUM C/ ENCODER,ZAMAC 1 ENT COM IMÃ,P45 220V 1 ENT,12UF,GRAFITE COM VENEZIANA,METAL,COM BORNE,
2001187,CONJ. MOVIMENTADOR TRINO 700 220V 50-60HZ SEM CREMALEHIRA COM B. ALUMINIUM,FLEX,B. ALUM C/ ENCODER,ZAMAC 1 ENT COM IMÃ,P33 220V 1 ENT,15 UF,PRETA,METAL,COM BORNE,
2001195,CONJ. MOVIMENTADOR TRINO 300 SPEED 220V 50-60HZ SEM CREMALHEIRA COM B. ALUMINIUM C/ CREMALHEIRA 3MT EX,FLEX,B. ALUM C/ ENCODER,ZAMAC 2 ENT COM IMÃ,P33 50HZ 220V 2 ENT,20UF,CINZA,METAL ,COM BORNE,
2006117,CONJ. MOVIMENTADOR INTELIGENTE - IZZY 500 SPEED 127V 50-60HZ SEM CREMALHEIRA COM B. ALUMINIUM,IZZY,B. ALUM C/ ENCODER,ZAMAC 2 ENT COM IMÃ,P45 127V 2 ENT,50UF,BRANCA C/ VENEZIANA,METAL,COM BORNE,
2001073,CONJ. MOVIMENTADOR TRINO 500 127V 50-60HZ C/ CREMALHEIRA 3MT EX,FLEX,SEM ENCODER,NYLON 1 ENT SEM IMÃ,P28 127V 1 ENT,30UF,PRETA,METAL ,COM BORNE,
2001225,CONJ. MOVIMENTADOR TRINO SOFT 220V 50-60Hz COM  B. ALUMINIUM BBS C/ CREMALHEIRA 3MT EX,FLEX,B. ALUM C/ ENCODER,ZAMAC 2 ENT COM IMÃ,P33 50HZ 220V 2 ENT,20UF,CINZA,METAL ,COM BORNE,
2006040,CONJ. MOVIMENTADOR INTELIGENTE - IZZY DZ INDUSTRIAL STRONG 2000KG 220V 50-60HZ SEM CREMALHEIRA EX,IZZY INDUSTRIAL,ALUMÍNIO IND,NYLON IND COM IMÃ,P80 220V,20UF,PRETA IND,METAL ,COM BORNE,
2001300,CONJ. MOVIMENTADOR DZ INDUSTRIAL STRONG 1500KG 220V 50-60HZ SEM CREMALHEIRA,CCMD INDUSTRIAL,ALUMÍNIO IND,NYLON IND COM IMÃ,P60 220V,20UF,PRETA IND,METAL IND,COM BORNE,
2001299,CONJ. MOVIMENTADOR DZ INDUSTRIAL STRONG 1000KG 220V 50-60HZ SEM CREMALHEIRA,CCMD INDUSTRIAL,ALUMÍNIO IND,NYLON IND COM IMÃ,P45 220V,20UF,PRETA IND,METAL IND,COM BORNE,
2001285,CONJ. MOVIMENTADOR TRINO 300 220V LIGHT 50-60HZ COM  B. ALUMINIUM BBS C/ CREMALHEIRA 3MT EX,LIGHT,B. ALUM SEM ENCODER,NYLON 1 ENT SEM IMÃ,P 17 220V 50HZ,12UF,PRETA,METAL ,COM BORNE,
2001185,CONJ. MOVIMENTADOR TRINO 500 SPEED 220V 50-60HZ SEM CREMALHEIRA COM  B. ALUMINIU,FLEX,B. ALUM C/ ENCODER,ZAMAC 2 ENT COM IMÃ,P 45 220V 2 ENT,20UF,CINZA C/ VENEZIANA,METAL,COM BORNE,
2001088,CONJ. MOVIMENTADOR TRINO 500 220V 50-60HZ SEM CREMALHEIRA EX,FLEX,SEM ENCODER,NYLON 1 ENT SEM IMÃ,P28 220V 1 ENT,12UF,PRETA,METAL ,COM BORNE,
2001311,CONJ. MOVIMENTADOR TRINO 300 127V LIGHT 50-60HZ KRIPT SEM CREMALHEIRA,LIGHT,SEM ENCODER,NYLON 1 ENT SEM IMÃ,P17 60HZ 127V 1 ENT,30UF,PRETA,PLÁSTICO,COM BORNE,
2001315,CONJ. MOVIMENTADOR TRINO SPEED TURBO PRO 1/2 FREQUENCY INVERTER BIVOLT 50-60HZ B. ALUMINIUM C/ CREMALHEIRA 3MT EX,NEW INVERTER,ALUMIN C/ENCODER,NYLON 1 ENT COM IMÃ,P39 110V TRIF 1 ENT,NÃO USA,CINZA C/ VENEZIANA,METAL ,COM BORNE,
2001314,CONJ. MOVIMENTADOR DZ INDUSTRIAL STRONG 2000KG 127V 50-60HZ COM CREMALHEIRA 3MT EX,CCMD INDUSTRIAL,ALUMÍNIO IND,NYLON IND COM IMÃ,P80 127V,30UF,PRETA IND,METAL ,COM BORNE,
2001313,CONJ. MOVIMENTADOR DZ INDUSTRIAL STRONG 1000KG 127V 50-60HZ COM CREMALHEIRA 3MT EX,CCMD INDUSTRIAL,ALUMÍNIO IND,NYLON IND COM IMÃ,P45 127V,50UF,PRETA IND,METAL ,COM BORNE,
2001316,CONJ. MOVIMENTADOR TRINO SPEED TURBO PRO 1/2 FREQUENCY INVERTER BIVOLT 50-60HZ B. ALUM. S. CREMAL EX,NEW INVERTER,ALUMIN C/ENCODER,NYLON 1 ENT COM IMÃ,P24 110V TRIF 1 ENT,NÃO USA,CINZA C/ VENEZIANA,METAL ,COM BORNE,
2006119,CONJ. MOVIMENTADOR INTELIGENTE - IZZY 300 127V 50-60HZ SEM CREMALHEIRA COM B. ALUMINIUM,IZZY,COM ENCODER,NYLON 1 ENT COM IMÃ,P17 60HZ 127V 1 ENT,15 UF,GRAFITTE,PLÁSTICO,COM BORNE,
2006126,CONJ. MOVIMENTADOR INTELIGENTE - IZZY 900 127V 50-60HZ COM B. ALUMINIUM TECLAM C/ CREMALHEIRA 3MT EX,IZZY,ALUMIN C/ENCODER,ZAMAC 1 ENT COM IMÃ,P45 127V 1 ENT AÇO,50UF,GRAFITE COM VENEZIANA,METAL ,COM BORNE,
2006131,CONJ. MOVIMENTADOR INTELIGENTE - IZZY 500 127V 50-60HZ COM B. ALUMINIUM TECLAM C/ CREMALHEIRA 3MT EX,IZZY,ALUMIN C/ENCODER,NYLON 1 ENT COM IMÃ,P28 127V 1 ENT  ALUMINIO,30UF,GRAFITE,METAL ,COM BORNE,
2006130,CONJ. MOVIMENTADOR INTELIGENTE - IZZY 300 127V 50-60HZ COM B. ALUMINIUM TECLAM C/ CREMALHEIRA 3MT EX,IZZY,ALUMIN C/ENCODER,NYLON 1 ENT COM IMÃ,P17 127V 1 ENT  ALUMINIO,30UF,GRAFITE,METAL ,COM BORNE,
2001326,CONJ. MOVIMENTADOR TRINO 500 127V 50-60HZ COM  B. ALUMINIUM TECLAM C/ CREMALHEIRA 3MT EX,FLEX,ALUMIN C/ENCODER,NYLON 1 ENT SEM IMÃ,P28 127V 1 ENT  ALUMINIO,30UF,PRETA,METAL ,COM BORNE,
2001329,CONJ. MOVIMENTADOR TRINO 900 127V 50-60HZ COM B. ALUMINIUM TECLAM C/ CREMALHEIRA 3MT EX,FLEX,ALUMIN C/ENCODER,ZAMAC 1 ENT COM IMÃ,P45 127V 1 ENT AÇO,50UF,PRETA C/ VENEZIANA,METAL ,COM BORNE,
2001327,CONJ. MOVIMENTADOR TRINO 500 SPEED 127V 50-60HZ COM B. ALUMINIUM TECLAM C/ CREMALHEIRA 3MT EX,FLEX,ALUMIN C/ENCODER,ZAMAC 2 ENT COM IMÃ,P45 127V 2 ENT AÇO,50UF,CINZA C/ VENEZIANA,METAL ,COM BORNE,
2001318,CONJ. MOVIMENTADOR TRINO SPEED TURBO PRO 1/2 FREQUENCY INVERTER BIVOLT 50-60HZ B. ALUMINIUM TECLAM C/ CREMALHEIRA 3MT EX,NEW INVERTER IZZY,ALUMIN C/ENCODER,NYLON 1 ENT COM IMÃ,P39 110V TRIF 1 ENT,NÃO USA,CINZA C/ VENEZIANA,METAL,COM BORNE,
2001317,CONJ. MOVIMENTADOR DZ INDUSTRIAL STRONG 2000KG 127V 50-60HZ COM TECLAM C/ CREMALHEIRA 3MT EX,CCMD INDUSTRIAL,ALUMÍNIO IND,NYLON IND COM IMÃ,P80 127V,30UF,PRETA IND,METAL ,COM BORNE,
2001332,CONJ. MOVIMENTADOR TRINO SPEED TURBO PRO 1/4 FREQUENCY INVERTER BIVOLT 50-60HZ BBS C/ CREMALHEIRA 3MT EX,NEW INVERTER,ALUMIN C/ENCODER,NYLON 1 ENT COM IMÃ,P24 110V TRIF 1 ENT,NÃO USA,CINZA C/ VENEZIANA,METAL ,COM BORNE,
2001310,CONJ. MOVIMENTADOR DZ INDUSTRIAL STRONG 1500KG 220V 50-60HZ SEM CREMALHEIRA EX,CCMD INDUSTRIAL,ALUMÍNIO IND,NYLON IND COM IMÃ,P60 220V,20UF,PRETA IND,METAL ,COM BORNE,
2006113,CONJ. MOVIMENTADOR INTELIGENTE - IZZY 300 SPEED 127V 50-60HZ SEM CREMALH. C. B. ALUMÍNIO,FLEX,B. ALUM C/ ENCODER,ZAMAC 2 ENT COM IMÃ,P33 127V 2 ENT / AÇO,50UF,CINZA C/ VENEZIANA,METAL,COM BORNE,
2001333,CONJ. MOVIMENTADOR TRINO 500 127V 50-60HZ - CONDOMINIAL 100 SEM CREMALHEIRA,FLEX,SEM ENCODER,NYLON 1 ENT SEM IMÃ,P28 127V 1 ENT  ALUMINIO,30UF,PRETA,METAL,COM BORNE,
2001334,CONJ. MOVIMENTADOR TRINO 900 127V 50-60HZ - CONDOMINIAL 100 SEM CREMALHEIRA,FLEX,COM ENCODER,ZAMAC 1 ENT COM IMÃ,P45 127V 1 ENT AÇO,50UF,PRETA C/VENEZIANA,METAL,COM BORNE,
2001335,CONJ. MOVIMENTADOR TRINO SPEED TURBO PRO LIGHT FREQUENCY INVERTER BIVOLT 50-60HZ SEM CREMALHEIRA,NEW INVERTER,COM ENCODER,NYLON 1 ENT COM IMÃ,P17 110V 3F  1 ENT AÇO,NÃO USA,CINZA,PLÁSTICO,COM BORNE,
2006038,CONJ. MOVIMENTADOR INTELIGENTE - IZZY 700 220V 50-60HZ C/ CREMALHEIRA 3MT EX,IZZY,COM ENCODER,ZAMAC 1 ENT COM IMÃ,P33 220V 50HZ 1 ENT AÇO,15 UF,GRAFITE,METAL,COM BORNE,
2006039,CONJ. MOVIMENTADOR INTELIGENTE - IZZY 900 220V 50-60HZ C/ CREMALHEIRA 3MT EX,IZZY,COM ENCODER,ZAMAC 1 ENT COM IMÃ,P45 220V 50-60HZ 1 ENT AÇO ,15 UF,GRAFITE,METAL ,COM BORNE,
2006033,CONJ. MOVIMENTADOR INTELIGENTE - IZZY 500 SPEED 220V 50-60HZ C/ CREMALHEIRA 3MT EX,IZZY,COM ENCODER,ZAMAC 2 ENT COM IMÃ,P45 220V 50-60HZ 2 ENT AÇO ,20UF,BRANCA C/ VENEZIANA,METAL ,COM BORNE,
2006114,CONJ. MOVIMENTADOR INTELIGENTE - IZZY 300 SPEED 220V 50-60HZ SEM CREMALH. C. B. ALUMÍNIO,IZZY,B. ALUM C/ ENCODER,ZAMAC 2ENT COMIMÃ,P33 220V 60HZ 2 ENT (AÇO),20,BRANCA,METAL ,COM BORNE,
2006118,CONJ. MOVIMENTADOR INTELIGENTE - IZZY 500 SPEED 220V 50-60HZ SEM CREMALHEIRA COM B. ALUMINIUM,IZZY,B. ALUM C/ ENCODER,ZAMAC 2ENT COMIMÃ,P45 220V 60HZ 2 ENT (AÇO),20,GRAFITE COM VENEZIANA,METAL ,COM BORNE,
2006116,CONJ. MOVIMENTADOR INTELIGENTE - IZZY 500 127V 50-60HZ SEM CREMALHEIRA COM B. ALUMINIUM,IZZY,B. ALUM C/ ENCODER,NYLON 1 ENT COM IMÃ,P28 220V 60HZ 1 ENT,30 UF,CINZA,METAL ,COM BORNE,
2006110,CONJ. MOVIMENTADOR INTELIGENTE - IZZY DZ INDUSTRIAL STRONG 1000KG 220V 50-60HZ SEM CREMALHEIRA,IZZY IND.,ALUMIN IND,NYLON IND COM IMÃ,P45 220V 1 ENT AÇO INDUSTRIAL,30UF,PRETA INDUSTRIAL,METAL INDUSTRIAL,COM BORNE,
2006136,CONJ. MOVIMENTADOR INTELIGENTE - IZZY DZ INDUSTRIAL STRONG 2000KG 127V 50-60HZ SEM CREMALHEIRA,IZZY IND.,ALUMIN IND,NYLON IND COM IMÃ,P80 127V 1 ENT AÇO INDUSTRIAL,30UF,PRETA INDUSTRIAL,METAL INDUSTRIAL,COM BORNE,
2006134,CONJ. MOVIMENTADOR INTELIGENTE - IZZY DZ INDUSTRIAL STRONG 1000KG 127V 50-60HZ SEM CREMALHEIRA,IZZY IND.,ALUMIN IND,NYLON IND COM IMÃ,P45 127V 1 ENT AÇO INDUSTRIAL,50UF,PRETA INDUSTRIAL,METAL INDUSTRIAL,COM BORNE,
2006138,CONJ. MOVIMENTADOR INTELIGENTE - IZZY DZ INDUSTRIAL STRONG 1000KG 127V 50-60HZ C/ CREMALHEIRA 3MT EX,IZZY IND.,ALUMIN IND,NYLON IND COM IMÃ,P45 127V 1 ENT AÇO INDUSTRIAL,50UF,PRETA INDUSTRIAL,METAL INDUSTRIAL,COM BORNE,
2006143,CONJ. MOVIMENTADOR INTELIGENTE - IZZY SPEED TURBO PRO 1/2 FREQUENCY INVERTER 50-60HZ B. ALUMI S. CRE,NEW INVERTER,ALUMIN C/ENCODER,NYLON 1 ENT COM IMÃ,P39 110V TRIF 1 ENT,NÃO USA,CINZA C/ VENEZIANA,METAL,COM BORNE,
2006111,CONJ. MOVIMENTADOR INTELIGENTE - IZZY DZ INDUSTRIAL STRONG 1500KG 220V 50-60HZ SEM CREMALHEIRA,IZZY IND.,ALUMIN IND,NYLON IND COM IMÃ,P60 220V 1 ENT AÇO INDUSTRIAL,20UF,PRETA INDUSTRIAL,METAL INDUSTRIAL,COM BORNE,
2001308,CONJ. MOVIMENTADOR DZ BRABUS SPEED 500 B. ALUMINIUM 220V 50-60HZ BBS C/ CREMALHEIRA 3MT EX,BRABUS,ALUMIN C/ENCODER,NYLON 1 ENT COM IMÃ,P28 220V 2 POLLOS 1 ENTRADA AÇO,20UF,CINZA C/VENEZIANA,METAL,COM BORNE,
,,,,,,,,,N,
2006144,CONJ. MOVIMENTADOR INTELIGENTE - IZZY SPEED TURBO PRO 1/4 FREQUENCY INVERTER BIVOLT 50-60HZ B. ALUMI,INVERSORA,ALUMIN C/ENCODER,NYLON 1 ENT COM IMÃ,P24 TRIFÁSICO,NÃO USA,CINZA C/VENEZIANA,METAL ,COM BORNE,
2006135,CONJ. MOVIMENTADOR INTELIGENTE - IZZY DZ INDUSTRIAL STRONG 1500KG 127V 50-60HZ SEM CREMALHEIRA,IZZY IND.,ALUMIN IND,NYLON IND COM IMÃ,P60 127V 1 ENT AÇO INDUSTRIAL,30UF,PRETA INDUSTRIAL,METAL INDUSTRIAL,COM BORNE,
2001346,CONJ. MOVIMENTADOR TRINO 300 220V Light 50-60HZ S/ IMÃ S/CONTROLE S/ CREMALHEIRA,LIGHT,SEM ENCODER,NYLON 1 ENT SEM IMÃ,P17 220V 50-60HZ 1 ENT ALUM,12UF,PRETA,PLÁSTICO,COM BORNE,
2001344,CONJ. MOVIMENTADOR TRINO 300 127V Light 50-60HZ LOG,LIGHT,SEM ENCODER,NYLON 1 ENT SEM IMÃ,P17 127V 1 ENT ,30UF,PRETA,PLASTICO,COM BORNE,
2001345,CONJ. MOVIMENTADOR TRINO 300 220V Light 50-60HZ LOG,LIGHT,SEM ENCODER,NYLON 1 ENT SEM IMÃ,P17 220V 1 ENT ,12UF,PRETA,PLASTICO,COM BORNE,
2006149,CONJ. MOVIMENTADOR INTELIGENTE - IZZY 300 127V 50-60HZ LOG,IZZY,COM ENCODER,NYLON 1 ENT COM IMÃ,P17 127V 1 ENT ,30UF,GRAFITE,PLASTICO,COM BORNE,
2001273,CONJ. MOVIMENTADOR DZ BRABUS SPEED 500 B. ALUMINIUM 220V 50-60HZ SEM CREMALH. EX,FZ BRABUS,B. ALUM COM ENCODER,NYLON 1 ENT COM IMÃ,P28 2 POLOS 220V 1 ENT AÇO,20UF,PRETA COM VENEZIANA,METAL ,COM BORNE,
2001201,CONJ. MOVIMENTADOR TRINO 700 220V 50-60HZ SEM CREMALHEIRA COM B. ALUMINIUM EX,FLEX,B. ALUM COM ENCODER,ZAMAC 1 ENT COM IMÃ,P33 220V 1 ENT AÇO 50HZ,12UF,PRETA,METAL ,COM BORNE,
2001199,CONJ. MOVIMENTADOR TRINO 500 SPEED 220V 50-60HZ SEM CREMALHEIRA COM B. ALUMINIUM EX,FLEX,B. ALUM COM ENCODER,ZAMAC 2 ENT COM IMÃ,P45 220V 2 ENT AÇO 50HZ,20UF,CINZA COM VENEZIANA,METAL ,COM BORNE,
2001249,CONJ. MOVIMENTADOR TRINO SPEED TURBO PRO 1/4 FREQUENCY INVERTER BIVOLT 50-60HZ ALUMINIUM-SEM CREM EX,INVERSORA,B. ALUM COM ENCODER,NYLON 1 ENT COM IMÃ BRANCA,P24 TRIFÁSICO 1 ENT AÇO,NÃO USA,CINZA COM VENEZIANA,METAL ,COM BORNE,
2006150,CONJ. MOVIMENTADOR INTELIGENTE - IZZY 300 220V 50-60HZ S/ IMÃ S/ CONTROLE S/ CREMALHE,IZZY,COM ENCODER,NYLON 1 EN COM IMÃ,P17 220V 1 ENT ,12 UF,GRAFITE,PLASTICO,COM BORNE,
2006148,CONJ. MOVIMENTADOR INTELIGENTE - IZZY 300 220V 50-60HZ LOG,IZZY,COM ENCODER,NYLON 1 ENT COM IMÃ,P17 220V 1 ENT ,12 UF,GRAFITE,PLASTICO,COM BORNE,
2006137,CONJ. MOVIMENTADOR INTELIGENTE - IZZY DZ INDUSTRIAL STRONG 2000KG 127V 50-60HZ C/ CREMALHEIRA 3MT TE,IZZY,COM ENCODER,NYLON INDUSTRIAL,P80 127V 1 ENT,30UF,INDUSTRIAL COM VENEZIANA,METAL ,COM BORNE,
2006153,CONJ. MOVIMENTADOR INTELIGENTE - IZZY 500 127V 50-60HZ SEM CREMALHEIRA COM B. ALUMINIUM EX,IZZY,COM ENCODER,NYLON 1 ENT C/ IMÃ,P28 127V 1 EN,30 UF,GRAFITE,METAL ,COM BORNE,
2006155,CONJ. MOVIMENTADOR INTELIGENTE - IZZY DZ INDUSTRIAL STRONG 1000KG 127V 50-60HZ SEM CREMALHEIRA EX,IZZY IND.,COM ENCODER,NYLON IND COM IMÃ,P45 127V 1 ENT AÇO INDUSTRIAL,50UF,PRETA INDUSTRIAL,METAL,COM BORNE,
2001309,CONJ. MOVIMENTADOR DZ INDUSTRIAL STRONG 1000KG 220V 50-60HZ SEM CREMALHEIRA EX,CCMD IND,COM ENCODER,NYLON IND COM IMÃ,P45 220V 1 ENT AÇO INDUSTRIAL,20UF,PRETA INDUSTRIAL,METAL,COM BORNE,
2001348,CONJ. MOVIMENTADOR TRINO SPEED TURBO PRO BBS 1/2 FREQUENCY INVERTER BIVOLT 50-60HZ B ALUMINIUN COM C,INVERSORA,B. ALUM COM ENCODER,NYLON 1 ENT COM IMÃ BRANCA,P39 TRIFÁSICO 1 ENT AÇO,NÃO USA,CINZA COM VENEZIANA,METAL ,COM BORNE,
2009011,CONJ. MOVIMENTADOR INTELIGENTE - IZZY PIVO ROBÔ STRONG 220V 50-60HZ,IZZY IND.,COM ENCODER,EIXO DO PIVO ROBÔ,P45 6 POLOS 220V IND,20 UF,PRETA INDUSTRIAL,METAL,COM BORNE,
2009006,CONJ. MOVIMENTADOR PIVO ROBÔ STRONG 127V 50-60HZ,CCMD IND,COM ENCODER,EIXO DO PIVO ROBÔ,P45 6 POLOS 127V IND,50 UF,PRETA INDUSTRIAL,METAL,COM BORNE,
2009007,CONJ. MOVIMENTADOR PIVO ROBÔ STRONG 220V 50-60HZ,CCMD IND,COM ENCODER,EIXO DO PIVO ROBÔ,P45 6 POLOS 220V IND,12 UF,PRETA INDUSTRIAL,METAL,COM BORNE,
2005039,CONJ. MOVIMENTADOR P/ PORTA DE ENROLAR AC500 - 220V SEM TESTEIRA,,,,,,,,,
2005041,CONJ. MOVIMENTADOR P/ PORTA DE ENROLAR AC700 - 220V SEM TESTEIRA,,,,,,,,,
2005040,CONJ. MOVIMENTADOR P/ PORTA DE ENROLAR AC600 - 220V SEM TESTEIRA,,,,,,,,,
2005036,CONJ. MOVIMENTADOR P/ PORTA DE ENROLAR AC200 - 220V SEM TESTEIRA,,,,,,,,,
2005049,CONJ. MOVIMENTADOR P/ PORTA DE ENROLAR AC1500 - 220V TRIFASICO SEM TESTEIRA,,,,,,,,,
2005038,CONJ. MOVIMENTADOR P/ PORTA DE ENROLAR AC400 - 220V SEM TESTEIRA,,,,,,,,,
2005037,CONJ. MOVIMENTADOR P/ PORTA DE ENROLAR AC300 - 220V SEM TESTEIRA,,,,,,,,,
2006156,CONJ. MOVIMENTADOR INTELIGENTE DZ INDUSTRIAL IZZY STRONG 1500 KG 220V 50-60 HZ COM CREMALHEIRA 3MT EX,IZZY IND.,COM ENCODER,NYLON IND COM IMÃ,P60 220V 1 ENT AÇO INDUSTRIAL,20UF,PRETA INDUSTRIAL,METAL,COM BORNE,
2001347,CONJ. MOVIMENTADOR DZ BRABUS SPEED 700 B. ALUMINIUM 220V 50-60HZ BBS C/ CREMALHEIRA 3MT EX,FZ BRABUS,B. ALUM COM ENCODER,NYLON 1 ENT COM IMÃ,P39 2 POLOS 220V 1 ENT AÇO,20 UF,PRETA COM VENEZIANA,METAL,COM BORNE,
2006151,CONJ. MOVIMENTADOR INTELIGENTE - IZZY 500 127V 50-60HZ C/ CREMALHEIRA 3MT DOOR LINE AUTOMATIC EX,IZZY,NYLON COM ENCODER,NYLON 1 ENT COM IMÃ,P28 127V 1 ENT ALUM,30 UF,GRAFITE,METAL ,COM BORNE,
